,Energy,Carbs,Protein,Fiber,Fat
bread,543.3620689655172,80.399,13.803799999999999,5.508333333333333,8.794400000000001
cheese,361.0,9.9218,18.8216,0.32244897959183677,26.253800000000002
chocolate,460.2857142857143,53.808571428571426,5.7472,3.733333333333333,26.30530612244898
