,Energy,Carbs,Protein,Fiber,Fat
beef,295.08620689655174,4.827959183673469,16.592200000000002,0.5833333333333334,12.598199999999999
orange,177.52941176470588,16.526,2.14324,0.9775434782608695,0.71832
pasta,346.08196721311475,32.059400000000004,7.0104,1.7369565217391305,5.2386
